time_ms,fidelity_lattice,fidelity_1d
0.0,1.0,1.0
0.001,0.9950124791926823,0.9928825924309503
0.002,0.9801986733067553,0.9858158423524046
0.003,0.9559974818331,0.9787993892143566
0.004,0.9231163463866358,0.9718328750329811
0.004999999999999999,0.8824969025845955,0.96491594437237
0.006,0.835270211411272,0.9580482443263975
0.007,0.7827045382418683,0.951229424500714
0.008,0.7261490370736909,0.9444591369948698
0.009000000000000001,0.6669768108584744,0.9377370363845645
0.009999999999999998,0.6065306597126335,0.9310627797040227
0.011,0.5460744266397095,0.924436026428497
0.012,0.4867522559599717,0.9178564384568926
0.013,0.42955735821073926,0.9113236800945185
0.014,0.3753110988513996,0.9048374180359595
0.015,0.3246524673583498,0.898397321348071
0.016,0.2780373004531942,0.8920030614530944
0.017,0.23574607655586363,0.8856543121118926
0.018000000000000002,0.1978986990836147,0.879350749407306
0.018999999999999996,0.16447445657715506,0.8730920517276249
0.019999999999999997,0.13533528323661279,0.8668778997501816
0.020999999999999998,0.11025052530448527,0.8607079764250578
0.022,0.08892161745938638,0.8545819669589086
0.023,0.07100535373963701,0.8484995587989019
0.024,0.056134762834133725,0.8424604416167714
0.024999999999999998,0.043936933623407455,0.8364643072929833
0.026,0.03404745473459938,0.8305108499010163
0.027,0.026121409853918257,0.8245997656917529
0.028,0.019841094744370305,0.8187307530779818
0.029,0.014920786069067856,0.8129035126190108
0.03,0.011108996538242316,0.8071177470053893
0.031,0.008188701014374083,0.8013731610437388
0.032,0.005976022895005948,0.7956694616416928
0.032999999999999995,0.004317840007633089,0.7900063577929426
0.034,0.0030887154082367744,0.7843835605623898
0.034999999999999996,0.002187491118182889,0.7788007830714049
0.036000000000000004,0.0015338106793244643,0.7732577404831906
0.037,0.0010647662366679216,0.7677541499882493
0.03799999999999999,0.0007318024188804754,0.7622897307899537
0.039,0.0004979554215032744,0.7568642040902204
0.039999999999999994,0.0003354626279025127,0.751477293075286
0.041,0.00022374579372062055,0.7461287229015829
0.041999999999999996,0.0001477483602320339,0.7408182206817179
0.043,9.659341372218435e-05,0.7355455154705479
0.044,6.252150377482038e-05,0.7303103382513573
0.045,4.006529739295124e-05,0.7251124219221319
0.046,2.5419346516199356e-05,0.7199515012819313
0.047,1.5966783897804967e-05,0.7148273130173586
0.048,9.929504305851498e-06,0.7097395956891254
0.049,6.113567966372467e-06,0.7046880897187134
0.049999999999999996,3.7266531720812607e-06,0.6996725373751304
0.051,2.2490559670386567e-06,0.6946926827617603
0.052,1.343812277646806e-06,0.6897482718033084
0.053,7.949393615715697e-07,0.6848390522328366
0.054,4.655715716653646e-07,0.6799647735788938
0.05499999999999999,2.6995785054100005e-07,0.6751251871527363
0.056,1.5497531404682067e-07,0.6703200460356393
0.056999999999999995,8.808179306292033e-08,0.6655491050662995
0.058,4.956405569794704e-08,0.6608121208283264
0.059,2.7612430230275966e-08,0.6561088516378231
0.06,1.522999240887823e-08,0.6514390575310556
0.061,8.316730500875744e-09,0.6468025002522094
0.062,4.496410946244997e-09,0.6421989432412342
0.063,2.4068558929095427e-09,0.6376281516217733
0.064,1.2756944270269376e-09,0.6330898921891813
0.06499999999999999,6.697688027970435e-10,0.6285839333986252
0.06599999999999999,3.4887446534912956e-10,0.6241100453532709
0.067,1.8143643475011077e-10,0.6196679997925535
0.068,9.654931771658109e-11,0.6152575700805322
0.06899999999999999,5.719340107145869e-11,0.6108785311943259
0.06999999999999999,4.579469691291138e-11,0.6065306597126334
0.071,5.719340107145869e-11,0.6022137338043341
0.07200000000000001,9.654931771658167e-11,0.5979275332171694
0.073,1.8143643475011265e-10,0.5936718392665064
0.074,3.4887446534912956e-10,0.5894464348241792
0.075,6.697688027970435e-10,0.5852511043074123
0.07599999999999998,1.2756944270269376e-09,0.5810856336678201
0.077,2.40685589290956e-09,0.5769498103804866
0.078,4.496410946245028e-09,0.5728434234331229
0.079,8.316730500875774e-09,0.5687662633152997
0.07999999999999999,1.522999240887823e-08,0.5647181220077593
0.08099999999999999,2.7612430230275966e-08,0.5606987929718017
0.082,4.9564055697947394e-08,0.5567080711387471
0.083,8.808179306292033e-08,0.5527457528994733
0.08399999999999999,1.5497531404682123e-07,0.5488116360940264
0.08499999999999999,2.6995785054100005e-07,0.5449055200013083
0.086,4.655715716653646e-07,0.5410272053288341
0.087,7.949393615715768e-07,0.5371764942025647
0.088,1.3438122776468108e-06,0.5333531901568119
0.089,2.2490559670386648e-06,0.5295570981242129
0.09,3.7266531720812607e-06,0.5257880244257798
0.09099999999999998,6.113567966372467e-06,0.522045776761016
0.092,9.929504305851586e-06,0.5183301641981067
0.093,1.5966783897804998e-05,0.5146409971641763
0.094,2.5419346516199447e-05,0.5109780874356168
0.09499999999999999,4.006529739295124e-05,0.507341248128484
0.096,6.252150377482072e-05,0.5037302936889633
0.097,9.65934137221847e-05,0.5001450398839018
0.098,0.00014774836023203442,0.49658530379140947
0.09899999999999999,0.00022374579372062137,0.49305090379152566
0.09999999999999999,0.0003354626279025127,0.4895416595569531
0.101,0.0004979554215032771,0.4860573920438573
0.102,0.0007318024188804767,0.4825979234827318
0.103,0.0010647662366679253,0.47916307736932817
0.104,0.0015338106793244685,0.4757526784556506
0.105,0.002187491118182889,0.4723665527410147
0.106,0.003088715408236785,0.4690045274631699
0.107,0.0043178400076331015,0.46566643108948497
0.108,0.005976022895005964,0.4623520933081963
0.109,0.008188701014374097,0.4590613450197186
0.10999999999999999,0.011108996538242316,0.4557940183280172
0.111,0.014920786069067908,0.4525499465320417
0.112,0.019841094744370368,0.44932896411722156
0.11299999999999999,0.026121409853918302,0.44613090674702044
0.11399999999999999,0.03404745473459941,0.4429556112545522
0.11499999999999999,0.043936933623407455,0.43980291563425605
0.116,0.056134762834133926,0.4366726590336306
0.11699999999999999,0.07100535373963716,0.43356468174502766
0.118,0.0889216174593865,0.43047882519750297
0.119,0.11025052530448537,0.4274149319487267
0.12,0.13533528323661279,0.42437284567695
0.121,0.16447445657715534,0.4213524111730297
0.122,0.19789869908361504,0.4183534743325094
0.12299999999999998,0.2357460765558633,0.415375882147757
0.124,0.27803730045319497,0.4124194827001578
0.125,0.3246524673583505,0.4094841251523642
0.126,0.37531109885140024,0.4065696597405991
0.127,0.42955735821073976,0.4036759377670154
0.128,0.48675225595997207,0.40080281159210923
0.129,0.5460744266397096,0.39795013462718715
0.12999999999999998,0.6065306597126335,0.3951177613268873
0.13099999999999998,0.6669768108584744,0.39230554718175337
0.13199999999999998,0.7261490370736907,0.3895133487108618
0.133,0.7827045382418693,0.3867410234545011
0.134,0.8352702114112729,0.3839884299669041
0.135,0.882496902584596,0.38125542780903016
0.136,0.9231163463866362,0.3785418775414009
0.13699999999999998,0.9559974818331002,0.37584764071698545
0.13799999999999998,0.9801986733067554,0.37317257987413693
0.13899999999999998,0.9950124791926823,0.370516558529579
0.13999999999999999,1.0,0.36787944117144233
0.141,0.9950124791926823,0.36526109325235095
0.142,0.9801986733067554,0.3626613811825573
0.14300000000000002,0.9559974818330994,0.3600801723231265
0.14400000000000002,0.9231163463866352,0.3575173349791692
0.145,0.8824969025845948,0.354972738393122
0.146,0.8352702114112716,0.3524462527380765
0.147,0.7827045382418678,0.3499377491111553
0.148,0.7261490370736907,0.3474470995269354
0.149,0.6669768108584744,0.34497417691091803
0.15,0.6065306597126335,0.34251885509304564
0.151,0.5460744266397096,0.34008100880126413
0.15199999999999997,0.48675225595997207,0.337660513655132
0.153,0.4295573582107382,0.3352572461594737
0.154,0.37531109885139885,0.33287108369807955
0.155,0.32465246735834924,0.33050190452744904
0.156,0.27803730045319375,0.32814958777058006
0.157,0.2357460765558633,0.32581401341080124
0.158,0.19789869908361463,0.3234950622856487
0.159,0.1644744565771549,0.3211926160807867
0.15999999999999998,0.13533528323661279,0.31890655732397044
0.16099999999999998,0.11025052530448537,0.3166367693790533
0.16199999999999998,0.0889216174593865,0.31438313644003535
0.163,0.07100535373963672,0.3121455435251554
0.164,0.05613476283413355,0.3099238764710244
0.165,0.04393693362340732,0.30771802192680026
0.166,0.03404745473459928,0.3055278673484055
0.16699999999999998,0.02612140985391821,0.30335330099278435
0.16799999999999998,0.01984109474437028,0.30119421191220214
0.16899999999999998,0.014920786069067856,0.29905048994858424
0.16999999999999998,0.011108996538242316,0.2969220257278962
0.17099999999999999,0.008188701014374097,0.29480871065456293
0.172,0.005976022895005964,0.29271043690592835
0.17300000000000001,0.004317840007633059,0.29062709742675424
0.174,0.003088715408236758,0.2885585859237581
0.175,0.0021874911181828773,0.2865047968601901
0.176,0.0015338106793244617,0.28446562545044835
0.177,0.0010647662366679196,0.28244096765473287
0.178,0.0007318024188804728,0.2804307201737373
0.179,0.0004979554215032744,0.2784347804433787
0.18,0.0003354626279025127,0.2764530466295643
0.181,0.00022374579372062137,0.2744854176229963
0.18199999999999997,0.00014774836023203442,0.2725317930340126
0.183,9.65934137221835e-05,0.2705920731874656
0.184,6.252150377481994e-05,0.2686661591176363
0.185,4.006529739295102e-05,0.2667539525631849
0.186,2.5419346516199268e-05,0.2648553559621378
0.187,1.5966783897804883e-05,0.2629702724469095
0.188,9.929504305851498e-06,0.26109860583936084
0.18899999999999997,6.113567966372467e-06,0.2592402606458915
0.18999999999999997,3.7266531720812607e-06,0.257395142052568
0.19099999999999998,2.2490559670386648e-06,0.25556315592028644
0.192,1.3438122776467917e-06,0.2537442087799691
0.193,7.949393615715641e-07,0.2519382078277961
0.194,4.6557157166536126e-07,0.25014506092046973
0.195,2.699578505409981e-07,0.24836467657051398
0.196,1.5497531404681985e-07,0.24659696394160643
0.19699999999999998,8.808179306292001e-08,0.24484183284394379
0.19799999999999998,4.956405569794704e-08,0.2430991937296403
0.19899999999999998,2.7612430230275966e-08,0.2413689576881591
0.19999999999999998,1.522999240887823e-08,0.2396510364417758
0.20099999999999998,8.316730500875774e-09,0.2379453423410745
0.202,4.4964109462449645e-09,0.23625178836047597
0.203,2.4068558929095257e-09,0.23457028809379762
0.204,1.2756944270269285e-09,0.23290075574984467
0.205,6.697688027970387e-10,0.23124310614803334
0.206,3.4887446534912713e-10,0.22959725471404477
0.207,1.8143643475011077e-10,0.22796311747551
0.208,9.654931771658109e-11,0.22634061105772565
0.209,5.719340107145869e-11,0.2247296526794001
0.21,4.579469691291138e-11,0.22313016014842982
0.21099999999999997,5.719340107145869e-11,0.22154205185770615
0.212,9.654931771658228e-11,0.21996524678095125
0.213,1.8143643475011451e-10,0.21839966446858464
0.214,3.488744653491333e-10,0.21684522504361803
0.215,6.697688027970505e-10,0.21530184919758033
0.216,1.275694427026951e-09,0.21376945818647108
0.217,2.40685589290956e-09,0.21224797382674304
0.218,4.496410946245028e-09,0.21073731849131314
0.21899999999999997,8.316730500875774e-09,0.20923741510560184
0.21999999999999997,1.522999240887823e-08,0.20774818714360085
0.22099999999999997,2.7612430230275966e-08,0.20626955862396865
0.222,4.956405569794775e-08,0.20480145410615383
0.223,8.808179306292126e-08,0.2033437986865463
0.224,1.549753140468226e-07,0.20189651799465538
0.225,2.6995785054100195e-07,0.20045953818931547
0.22599999999999998,4.6557157166536787e-07,0.19903278595491863
0.22699999999999998,7.949393615715768e-07,0.19761618849767407
0.22799999999999998,1.3438122776468108e-06,0.19620967354189398
0.22899999999999998,2.2490559670386648e-06,0.19481316932630613
0.22999999999999998,3.7266531720812607e-06,0.19342660460039254
0.23099999999999998,6.113567966372467e-06,0.19204990862075413
0.232,9.929504305851638e-06,0.19068301114750144
0.23299999999999998,1.596678389780514e-05,0.18932584244067105
0.23399999999999999,2.5419346516199583e-05,0.1879783332566671
0.235,4.006529739295152e-05,0.18664041484472876
0.236,6.252150377482072e-05,0.18531201894342234
0.237,9.65934137221847e-05,0.18399307777715854
0.238,0.00014774836023203442,0.18268352405273466
0.239,0.00022374579372062137,0.18138329095590106
0.24,0.0003354626279025127,0.1800923121479524
0.24099999999999996,0.0004979554215032744,0.1788105217623429
0.242,0.0007318024188804806,0.17753785440132586
0.243,0.0010647662366679309,0.17627424513261702
0.244,0.0015338106793244754,0.17501962948608163
0.245,0.0021874911181829007,0.17377394345044514
0.24599999999999997,0.003088715408236758,0.17253712347002734
0.247,0.0043178400076331015,0.1713091064414997
0.248,0.005976022895006017,0.1700898297106658
0.24899999999999997,0.008188701014374097,0.16887923106926475
0.25,0.011108996538242415,0.16767724875179707
0.251,0.014920786069067856,0.1664838214323736
0.252,0.019841094744370437,0.16529888822158653
0.25299999999999995,0.02612140985391821,0.16412238866340273
0.254,0.034047454734599525,0.16295426273207927
0.25499999999999995,0.04393693362340732,0.1617944508291011
0.256,0.056134762834133926,0.1606428937801398
0.257,0.07100535373963761,0.15949953283203497
0.258,0.0889216174593865,0.1583643096497964
0.259,0.11025052530448601,0.15723716631362758
0.25999999999999995,0.13533528323661279,0.15611804531597107
0.261,0.16447445657715576,0.15500688955857392
0.26199999999999996,0.19789869908361463,0.1539036423495749
0.263,0.2357460765558644,0.1528082474006117
0.26399999999999996,0.27803730045319375,0.15172064882394942
0.265,0.3246524673583505,0.15064079112962867
0.266,0.3753110988514016,0.149568619222635
0.26699999999999996,0.42955735821073976,0.14850407840008756
0.268,0.4867522559599737,0.14744711434844798
0.26899999999999996,0.5460744266397096,0.14639767314074986
0.27,0.6065306597126352,0.14535570123384658
0.27099999999999996,0.6669768108584744,0.1443211454656803
0.272,0.7261490370736923,0.14329395305256895
0.27299999999999996,0.7827045382418678,0.1422740715865136
0.27399999999999997,0.8352702114112729,0.1412614490325242
0.27499999999999997,0.8824969025845948,0.1402560337259652
0.27599999999999997,0.9231163463866362,0.13925777436991912
0.277,0.955997481833101,0.13826662003256962
0.27799999999999997,0.9801986733067554,0.13728252014460293
0.279,0.9950124791926827,0.13630542449662747
0.27999999999999997,1.0,0.1353352832366127
0.281,0.9950124791926821,0.13437204686734494
0.282,0.9801986733067554,0.1334156662439026
0.283,0.9559974818330994,0.13246609257114847
0.284,0.9231163463866362,0.13152327740124015
0.285,0.8824969025845948,0.13058717263115827
0.28600000000000003,0.8352702114112702,0.12965773050025248
0.287,0.7827045382418678,0.12873490358780418
0.28800000000000003,0.7261490370736892,0.12781864481060748
0.289,0.6669768108584744,0.1269089074205668
0.29,0.6065306597126319,0.12600564500231182
0.291,0.5460744266397096,0.1251088114708294
0.292,0.4867522559599705,0.1242183610691121
0.293,0.42955735821073976,0.12333424836582386
0.294,0.37531109885139885,0.1224564282529819
0.295,0.3246524673583505,0.12158485594365534
0.296,0.27803730045319375,0.12071948696968016
0.297,0.23574607655586227,0.11986027717939031
0.298,0.19789869908361463,0.11900718273536538
0.299,0.16447445657715407,0.11816016011219337
0.3,0.13533528323661279,0.11731916609425078
0.301,0.11025052530448473,0.11648415777349691
0.302,0.0889216174593865,0.11565509254728551
0.303,0.07100535373963672,0.11483192811619027
0.30399999999999994,0.056134762834133926,0.11401462248184759
0.305,0.04393693362340732,0.11320313394481289
0.306,0.034047454734599046,0.11239742110243395
0.307,0.02612140985391821,0.11159744284673782
0.308,0.01984109474437014,0.11080315836233387
0.309,0.014920786069067856,0.11001452712433119
0.31,0.011108996538242237,0.10923150889627105
0.31099999999999994,0.008188701014374097,0.10845406372807402
0.312,0.005976022895005911,0.10768215195400163
0.31299999999999994,0.0043178400076331015,0.10691573419063266
0.314,0.003088715408236758,0.10615477133485376
0.31499999999999995,0.0021874911181829007,0.10539922456186433
0.316,0.0015338106793244617,0.10464905532319577
0.317,0.0010647662366679083,0.1039042253447445
0.318,0.0007318024188804728,0.10316469662481963
0.319,0.000497955421503269,0.10243043143220339
0.31999999999999995,0.0003354626279025127,0.10170139230422684
0.321,0.00022374579372061898,0.1009775420448578
0.32199999999999995,0.00014774836023203442,0.10025884372280375
0.323,9.65934137221835e-05,0.09954526066962686
0.32399999999999995,6.252150377482072e-05,0.09883675647787388
0.325,4.006529739295102e-05,0.0981332949992179
0.326,2.541934651619895e-05,0.09743484034261468
0.32699999999999996,1.5966783897804883e-05,0.09674135687247101
0.328,9.929504305851374e-06,0.09605280920682677
0.32899999999999996,6.113567966372467e-06,0.09536916221554961
0.33,3.7266531720812146e-06,0.09469038101854274
0.33099999999999996,2.2490559670386648e-06,0.09401643098396516
0.332,1.3438122776467917e-06,0.09334727772646485
0.33299999999999996,7.949393615715768e-07,0.09268288710542434
0.33399999999999996,4.6557157166536126e-07,0.09202322522321882
0.335,2.699578505409938e-07,0.09136825842348668
0.33599999999999997,1.5497531404681985e-07,0.09071795328941251
0.337,8.808179306291845e-08,0.09007227664202172
0.33799999999999997,4.956405569794704e-08,0.0894311955384883
0.339,2.7612430230275572e-08,0.08879467727045347
0.33999999999999997,1.522999240887823e-08,0.08816268936235745
0.34099999999999997,8.316730500875656e-09,0.08753519956978201
0.34199999999999997,4.496410946245028e-09,0.08691217587780581
0.34299999999999997,2.4068558929095257e-09,0.0862935864993705
0.344,1.275694427026951e-09,0.08567939987365947
0.345,6.697688027970387e-10,0.08506958466448702
0.34600000000000003,3.4887446534911974e-10,0.0844641097587001
0.347,1.8143643475011077e-10,0.08386294426459048
0.348,9.654931771657925e-11,0.0832660575103189
0.349,5.719340107145869e-11,0.08267341904235002
0.35,4.579469691291138e-11,0.0820849986238988
0.351,5.719340107145869e-11,0.08150076623338763
0.352,9.654931771658228e-11,0.08092069206291477
0.353,1.8143643475011077e-10,0.08034474651673344
0.354,3.488744653491333e-10,0.07977290020974187
0.355,6.6976880279706e-10,0.07920512396598398
0.356,1.275694427026951e-09,0.07864138881716097
0.357,2.4068558929096026e-09,0.07808166600115313
0.358,4.496410946245028e-09,0.07752592696055252
0.359,8.31673050087592e-09,0.07697414334120589
0.36,1.522999240887823e-08,0.07642628699076807
0.361,2.7612430230276456e-08,0.07588232995726563
0.362,4.956405569794704e-08,0.07534224448767067
0.363,8.808179306292126e-08,0.07480600302648492
0.36399999999999993,1.5497531404681985e-07,0.07427357821433388
0.365,2.6995785054100195e-07,0.07374494288657077
0.366,4.6557157166537534e-07,0.07322007007189073
0.367,7.949393615715768e-07,0.07269893299095474
0.368,1.3438122776468298e-06,0.07218150505502305
0.369,2.2490559670386648e-06,0.07166775986459907
0.37,3.7266531720813137e-06,0.0711576712080819
0.37099999999999994,6.113567966372467e-06,0.0706512130604296
0.372,9.929504305851638e-06,0.07014835958183072
0.37299999999999994,1.5966783897804883e-05,0.06964908511638661
0.374,2.5419346516199583e-05,0.06915336419080183
0.375,4.006529739295202e-05,0.06866117151308497
0.376,6.252150377482072e-05,0.06817248197125793
0.377,9.659341372218572e-05,0.06768727063207479
0.37799999999999995,0.00014774836023203442,0.06720551273974976
0.379,0.00022374579372062375,0.066727183714694
0.37999999999999995,0.0003354626279025127,0.06625225915226167
0.381,0.0004979554215032801,0.06578071482150472
0.38199999999999995,0.0007318024188804728,0.06531252666393665
0.383,0.0010647662366679309,0.064847670792305
0.384,0.0015338106793244917,0.06438612348937257
0.38499999999999995,0.0021874911181829007,0.06392786120670757
0.386,0.0030887154082368156,0.06347286056348177
0.38699999999999996,0.0043178400076331015,0.06302109834527804
0.388,0.005976022895006017,0.06257255150290551
0.38899999999999996,0.008188701014374097,0.06212719715122401
0.39,0.011108996538242415,0.06168501256797602
0.39099999999999996,0.014920786069067856,0.06124597519262781
0.392,0.019841094744370437,0.06081006262521795
0.39299999999999996,0.02612140985391821,0.060377252625214865
0.39399999999999996,0.034047454734599525,0.05994752311038171
0.395,0.043936933623407906,0.0595208521556501
0.39599999999999996,0.056134762834133926,0.0590972179920012
0.397,0.07100535373963761,0.05867659900535515
0.39799999999999996,0.0889216174593865,0.058258973735468345
0.399,0.11025052530448601,0.057844320874838456
0.39999999999999997,0.13533528323661279,0.05743261926761735
0.40099999999999997,0.16447445657715576,0.05702384790853166
0.40199999999999997,0.19789869908361463,0.05661798594181114
0.40299999999999997,0.2357460765558644,0.05621501266012455
0.404,0.27803730045319625,0.05581490750352313
0.40499999999999997,0.3246524673583505,0.055417650058391776
0.406,0.3753110988514016,0.05502322005640721
0.407,0.42955735821073976,0.05463159737350428
0.408,0.4867522559599737,0.0542427620288488
0.409,0.5460744266397096,0.05385669418381854
0.41,0.6065306597126352,0.05347337414099061
0.411,0.6669768108584744,0.05309278234313693
0.412,0.7261490370736923,0.052714899372225954
0.413,0.7827045382418678,0.05233970594843241
0.414,0.8352702114112729,0.05196718292915318
0.415,0.8824969025845972,0.05159731130803104
0.416,0.9231163463866362,0.051230072213984644
0.417,0.955997481833101,0.05086544691024587
0.418,0.9801986733067554,0.050503416793403796
0.419,0.9950124791926827,0.050143963392455554
0.42,1.0,0.049787068367863944
0.421,0.9950124791926821,0.049432713510621715
0.42199999999999993,0.9801986733067554,0.04908088074132255
0.423,0.9559974818330994,0.04873155210923864
0.424,0.9231163463866342,0.04838470979140479
0.425,0.8824969025845948,0.04804033609170918
0.426,0.8352702114112702,0.04769841343999035
0.427,0.7827045382418678,0.04735892439114091
0.428,0.7261490370736892,0.047021851624217355
0.429,0.6669768108584744,0.04668717794155642
0.43,0.6065306597126319,0.04635488626789762
0.43099999999999994,0.5460744266397096,0.046024959649512046
0.432,0.4867522559599705,0.04569738125333741
0.43299999999999994,0.42955735821073976,0.04537213436611916
0.434,0.37531109885139885,0.0450492023935578
0.435,0.32465246735834785,0.04472856885946223
0.436,0.27803730045319375,0.04441021740490915
0.437,0.23574607655586227,0.04409413178740829
0.43799999999999994,0.19789869908361463,0.043780295880073934
0.439,0.16447445657715407,0.04346869367080185
0.43999999999999995,0.13533528323661279,0.0431593092614526
0.441,0.11025052530448473,0.042852126867040166
0.44199999999999995,0.0889216174593865,0.04254713081492684
0.443,0.07100535373963672,0.042244305544023315
0.444,0.056134762834133205,0.041943635603995034
0.44499999999999995,0.04393693362340732,0.0416451056544737
0.446,0.034047454734599046,0.041348700464274676
0.44699999999999995,0.02612140985391821,0.04105440491061988
0.448,0.01984109474437014,0.04076220397836621
0.44899999999999995,0.014920786069067856,0.04047208275923944
0.45,0.011108996538242237,0.04018402645107363
0.45099999999999996,0.008188701014374097,0.03989802035705586
0.45199999999999996,0.005976022895005911,0.03961404988497646
0.453,0.004317840007633024,0.039332100546484394
0.45399999999999996,0.003088715408236758,0.03905215795634825
0.455,0.0021874911181828578,0.038774207831721995
0.45599999999999996,0.0015338106793244617,0.03849823599141661
0.457,0.0010647662366679083,0.03822422835517622
0.45799999999999996,0.0007318024188804728,0.03795217094296003
0.45899999999999996,0.000497955421503269,0.03768204987422872
0.45999999999999996,0.0003354626279025127,0.03741385136723659
0.46099999999999997,0.00022374579372061898,0.03714756173832811
0.46199999999999997,0.00014774836023203442,0.036883167401240015
0.46299999999999997,9.65934137221835e-05,0.036620654866407885
0.464,6.252150377481916e-05,0.036360010740278156
0.46499999999999997,4.006529739295102e-05,0.03610122172462458
0.46599999999999997,2.541934651619895e-05,0.035844274615869795
0.46699999999999997,1.5966783897804883e-05,0.03558915630441171
0.46799999999999997,9.929504305851374e-06,0.035335853773954595
0.469,6.113567966372467e-06,0.035084354100845025
0.47,3.7266531720812146e-06,0.03483464445341245
0.471,2.2490559670386648e-06,0.03458671209131458
0.472,1.3438122776467917e-06,0.034340544364887315
0.47300000000000003,7.949393615715528e-07,0.034096128714499366
0.474,4.6557157166536126e-07,0.033853452669911514
0.475,2.699578505409938e-07,0.03361250384964021
0.476,1.5497531404681985e-07,0.03337326996032608
0.477,8.808179306291845e-08,0.033135738796106505
0.478,4.956405569794704e-08,0.03289989823799306
0.479,2.7612430230275572e-08,0.03266573625325299
0.48,1.522999240887823e-08,0.032433240894795524
0.481,8.316730500875656e-09,0.03220240030056208
0.48199999999999993,4.496410946245028e-09,0.03197320269292131
0.483,2.4068558929095257e-09,0.03174563637806794
0.484,1.2756944270269057e-09,0.03151968974542638
0.485,6.697688027970387e-10,0.03129535126705819
0.486,3.4887446534911974e-10,0.03107260949707396
0.487,1.8143643475011077e-10,0.030851453071049362
0.488,9.654931771657925e-11,0.030631870705445294
0.48899999999999993,5.719340107145869e-11,0.03041385119703221
0.49,4.579469691291138e-11,0.0301973834223185
0.491,5.719340107145988e-11,0.029982456336982984
0.49199999999999994,9.654931771657925e-11,0.029769058975311454
0.49299999999999994,1.8143643475011077e-10,0.029557180449637087
0.494,3.488744653491333e-10,0.029346809949785075
0.495,6.6976880279706e-10,0.029137936742521
0.496,1.2756944270269963e-09,0.02893055017100329
0.49699999999999994,2.4068558929095257e-09,0.028724639654239433
0.49799999999999994,4.496410946245028e-09,0.028520194686546114
0.499,8.31673050087592e-09,0.028317204837013322
0.5,1.5229992408878774e-08,0.028115659748972035
0.5009999999999999,2.7612430230275572e-08,0.027915549139465888
0.502,4.956405569794704e-08,0.027716862798726465
0.503,8.808179306292126e-08,0.027519590589652497
0.504,1.549753140468248e-07,0.02732372244729256
0.505,2.699578505410101e-07,0.027129248378331576
0.5059999999999999,4.6557157166536126e-07,0.026936158460581023
0.507,7.949393615715768e-07,0.02674444284247256
0.508,1.3438122776468298e-06,0.02655409174255552
0.509,2.2490559670387245e-06,0.026365095448997816
0.5099999999999999,3.7266531720812146e-06,0.026177444319090415
0.5109999999999999,6.113567966372467e-06,0.025991128778755347
0.512,9.929504305851638e-06,0.02580613932205728
0.513,1.5966783897805337e-05,0.025622466510718516
0.514,2.5419346516200216e-05,0.025440100973637397
0.5149999999999999,4.006529739295102e-05,0.025259033406410267
0.516,6.252150377482072e-05,0.025079254570856593
0.517,9.659341372218572e-05,0.024900755294547855
0.518,0.00014774836023203784,0.024723526470339374
0.5189999999999999,0.00022374579372061898,0.024547559055905804
0.5199999999999999,0.0003354626279025127,0.0243728440732796
0.521,0.0004979554215032801,0.02419937260839317
0.522,0.0007318024188804877,0.02402713581062393
0.523,0.0010647662366679517,0.02385612489234281
0.5239999999999999,0.0015338106793244617,0.023686331128465868
0.525,0.0021874911181829007,0.023517745856009107
0.526,0.0030887154082368156,0.023350360473646553
0.527,0.004317840007633174,0.023184166441271383
0.5279999999999999,0.005976022895005911,0.023019155279560184
0.5289999999999999,0.008188701014374097,0.02285531856954031
0.53,0.011108996538242415,0.022692647952160413
0.531,0.01492078606906808,0.02253113512786393
0.532,0.01984109474437073,0.02237077185616558
0.5329999999999999,0.02612140985391821,0.022211549955231044
0.5339999999999999,0.034047454734599525,0.022053461301459347
0.535,0.043936933623407906,0.0218964978290686
0.536,0.05613476283413465,0.021740651529684296
0.5369999999999999,0.07100535373963672,0.02158591445193087
0.5379999999999999,0.0889216174593865,0.02143227870102583
0.539,0.11025052530448601,0.02127973643837717
0.54,0.13533528323661426,0.021128279881183272
0.5409999999999999,0.16447445657715407,0.020977901302035955
0.5419999999999999,0.19789869908361463,0.02082859302852606
0.5429999999999999,0.2357460765558644,0.020680347442852173
0.544,0.27803730045319625,0.020533156981431832
0.545,0.3246524673583531,0.020387014134515706
0.5459999999999999,0.37531109885139885,0.02024191144580439
0.5469999999999999,0.42955735821073976,0.02009784151206799
0.5479999999999999,0.4867522559599737,0.01995479698276843
0.549,0.546074426639713,0.019812770559684424
0.5499999999999999,0.6065306597126319,0.01967175499653909
0.5509999999999999,0.6669768108584744,0.019531743098630233
0.5519999999999999,0.7261490370736923,0.0193927277224633
0.553,0.7827045382418708,0.01925470177538692
0.554,0.8352702114112757,0.01911765821523098
0.5549999999999999,0.8824969025845948,0.018981590049947407
0.5559999999999999,0.9231163463866362,0.018846490337253306
0.5569999999999999,0.955997481833101,0.018712352184276918
0.558,0.9801986733067565,0.018579168747205815
0.5589999999999999,0.9950124791926821,0.01844693323093781
0.5599999999999999,1.0,0.01831563888873418
0.5609999999999999,0.9950124791926821,0.018185279021875524
0.562,0.9801986733067544,0.01805584697931995
0.5630000000000001,0.9559974818330979,0.017927336157363718
0.564,0.9231163463866362,0.017799739999304415
0.565,0.8824969025845948,0.01767305199510625
0.566,0.8352702114112702,0.017547265681068073
0.5670000000000001,0.7827045382418648,0.0174223746394935
0.568,0.7261490370736923,0.017298372498363565
0.569,0.6669768108584744,0.01717525293101147
0.57,0.6065306597126319,0.017053009655799933
0.571,0.5460744266397064,0.016931636435800666
0.5720000000000001,0.48675225595996735,0.016811127078476103
0.573,0.42955735821073976,0.016691475435363517
0.574,0.37531109885139885,0.016572675401761237
0.575,0.32465246735834785,0.01645472091641734
0.5760000000000001,0.2780373004531914,0.016337605961220233
0.577,0.2357460765558644,0.016221324560891707
0.578,0.19789869908361463,0.01610587078268199
0.579,0.16447445657715407,0.015991238736067195
0.58,0.13533528323661131,0.015877422572448632
0.5810000000000001,0.11025052530448351,0.015764416484854486
0.582,0.0889216174593865,0.01565221470764353
0.583,0.07100535373963672,0.01554081151621096
0.584,0.056134762834133205,0.015430201226696305
0.585,0.04393693362340671,0.015320378195693457
0.586,0.034047454734599525,0.015211336819962727
0.587,0.02612140985391821,0.01510307153614496
0.588,0.01984109474437014,0.014995576820477703
0.589,0.014920786069067616,0.01488884718851337
0.59,0.011108996538242415,0.014782877194839422
0.591,0.008188701014374097,0.01467766143280054
0.592,0.005976022895005911,0.014573194534222778
0.593,0.004317840007633024,0.014469471169139667
0.594,0.0030887154082367032,0.014366486045520275
0.595,0.0021874911181829007,0.014264233908999256
0.596,0.0015338106793244617,0.01416270954260865
0.597,0.0010647662366679083,0.014061907766511835
0.598,0.0007318024188804578,0.013961823437739173
0.599,0.0004979554215032801,0.013862451449925687
0.6,0.0003354626279025127,0.013763786733050402
0.601,0.00022374579372061898,0.013665824253177803
0.602,0.000147748360232031,0.013568559012200922
0.603,9.659341372218126e-05,0.013471986047586386
0.604,6.252150377482072e-05,0.013376100432121176
0.605,4.006529739295102e-05,0.013280897273661229
0.606,2.541934651619895e-05,0.01318637171488189
0.607,1.5966783897804486e-05,0.013092518933030086
0.6079999999999999,9.929504305851638e-06,0.012999334139678225
0.609,6.113567966372467e-06,0.012906812580479873
0.61,3.7266531720812146e-06,0.01281494953492725
0.611,2.249055967038601e-06,0.01272374031611037
0.612,1.3438122776467534e-06,0.012633180270477863
0.613,7.949393615715768e-07,0.012543264777599606
0.614,4.6557157166536126e-07,0.012453989249930915
0.615,2.699578505409938e-07,0.012365349132578593
0.616,1.5497531404681546e-07,0.012277339903068436
0.6169999999999999,8.808179306292126e-08,0.012189957071114553
0.618,4.956405569794704e-08,0.012103196178390202
0.619,2.7612430230275572e-08,0.012017052798300435
0.62,1.5229992408877798e-08,0.011931522535756143
0.621,8.31673050087536e-09,0.011846601026949864
0.6219999999999999,4.496410946245028e-09,0.011762283939133141
0.623,2.4068558929095257e-09,0.011678566970395442
0.624,1.2756944270269057e-09,0.011595445849444698
0.625,6.69768802797015e-10,0.011512916335389355
0.6259999999999999,3.4887446534913333e-10,0.01143097421752202
0.627,1.8143643475011087e-10,0.011349615315104616
0.628,9.654931771657949e-11,0.01126883547715509
0.629,5.719340107145774e-11,0.01118863058223561
0.6299999999999999,4.579469691291236e-11,0.011108996538242306
0.6309999999999999,5.719340107146032e-11,0.011029929282196474
0.632,9.654931771658583e-11,0.010951424780037288
0.633,1.81436434750124e-10,0.010873479026415972
0.634,3.488744653491567e-10,0.010796088044491446
0.6349999999999999,6.697688027970601e-10,0.010719247885727467
0.636,1.2756944270269963e-09,0.01064295462969107
0.637,2.4068558929096796e-09,0.010567204383852655
0.638,4.496410946245332e-09,0.010491993283387319
0.6389999999999999,8.31673050087592e-09,0.01041731749097773
0.6399999999999999,1.5229992408878774e-08,0.01034317319661825
0.641,2.761243023027734e-08,0.01026955661742064
0.642,4.956405569795004e-08,0.010196463997421025
0.643,8.808179306292658e-08,0.01012389160738824
0.6439999999999999,1.549753140468248e-07,0.010051835744633586
0.6449999999999999,2.699578505410101e-07,0.009980292732821878
0.646,4.6557157166538857e-07,0.00990925892178396
0.647,7.949393615716206e-07,0.009838730687330382
0.6479999999999999,1.3438122776468298e-06,0.009768704431066545
0.6489999999999999,2.2490559670387245e-06,0.009699176580209055
0.65,3.726653172081413e-06,0.009630143587403526
0.651,6.113567966372792e-06,0.009561601930543505
0.652,9.92950430585215e-06,0.009493548112590814
0.6529999999999999,1.5966783897805337e-05,0.009425978661397124
0.6539999999999999,2.5419346516200216e-05,0.009358890129526795
0.655,4.0065297392952946e-05,0.009292279094080997
0.656,6.252150377482372e-05,0.009226142156523063
0.6569999999999999,9.659341372218572e-05,0.009160475942505098
0.6579999999999999,0.00014774836023203784,0.009095277101695816
0.6589999999999999,0.0002237457937206289,0.009030542307609602
0.66,0.00033546262790252736,0.008966268257436799
0.661,0.0004979554215033005,0.008902451671875181
0.6619999999999999,0.0007318024188804877,0.008839089294962684
0.6629999999999999,0.0010647662366679517,0.008776177893911212
0.664,0.0015338106793245203,0.008713714258941761
0.665,0.0021874911181829822,0.008651695203120627
0.6659999999999999,0.0030887154082368156,0.008590117562196834
0.6669999999999999,0.004317840007633174,0.008528978194440626
0.6679999999999999,0.005976022895006123,0.008468273980483255
0.669,0.00818870101437438,0.008408001823157771
0.67,0.011108996538242771,0.008348158647341045
0.6709999999999999,0.01492078606906808,0.00828874139979684
0.6719999999999999,0.01984109474437073,0.00822974704902003
0.673,0.026121409853918975,0.008171172585081965
0.674,0.03404745473460048,0.00811301501947689
0.6749999999999999,0.043936933623407906,0.00805527138496946
0.6759999999999999,0.05613476283413465,0.007997938735443329
0.6769999999999999,0.0710053537396385,0.007941014145750882
0.678,0.08892161745938863,0.007884494711563985
0.6789999999999999,0.11025052530448601,0.007828377549225773
0.6799999999999999,0.13533528323661426,0.0077726597956035365
0.6809999999999999,0.16447445657715745,0.0077173386079426535
0.6819999999999999,0.19789869908361843,0.007662411163721563
0.683,0.23574607655586874,0.007607874660507721
0.6839999999999999,0.27803730045319625,0.007553726315814649
0.6849999999999999,0.3246524673583531,0.007499963366959934
0.6859999999999999,0.3753110988514045,0.007446583070924338
0.687,0.4295573582107458,0.0073935827042117845
0.688,0.4867522559599737,0.007340959562710439
0.689,0.546074426639713,0.00728871096155471
0.69,0.6065306597126384,0.007236834234988326
0.691,0.6669768108584808,0.007185326736228262
0.6920000000000001,0.7261490370736986,0.007134185837329736
0.693,0.7827045382418708,0.0070834089290521185
0.694,0.8352702114112757,0.00703299342072581
0.695,0.8824969025845997,0.006982936740120059
0.696,0.9231163463866402,0.006933236333311734
0.697,0.955997481833101,0.006883889664555011
0.698,0.9801986733067565,0.0068348942161520045
0.699,0.9950124791926831,0.00678624748832431
0.7,1.0,0.006737946999085467
0.7010000000000001,0.995012479192681,0.006689990284114315
0.702,0.9801986733067544,0.006642374896629297
0.703,0.9559974818330979,0.006595098407263562
0.704,0.9231163463866322,0.006548158403941078
0.705,0.88249690258459,0.006501552491753526
0.706,0.8352702114112702,0.006455278292838151
0.707,0.7827045382418648,0.006409333446256383
0.708,0.7261490370736859,0.006363715607873435
0.709,0.6669768108584678,0.006318422450238672
0.71,0.6065306597126253,0.00627345166246689
0.711,0.5460744266397064,0.0062288009501203865
0.712,0.48675225595996735,0.006184468035091891
0.713,0.42955735821073365,0.006140450655488382
0.714,0.37531109885139313,0.006096746565515633
0.715,0.32465246735834785,0.00605335353536366
0.716,0.2780373004531914,0.006010269351092924
0.717,0.23574607655586005,0.005967491814521428
0.718,0.1978986990836107,0.005925018743112511
0.719,0.1644744565771507,0.005882847969863521
0.72,0.13533528323661131,0.005840977343195246
0.721,0.11025052530448351,0.005799404726842141
0.722,0.0889216174593844,0.005758127999743332
0.723,0.07100535373963499,0.005717145055934403
0.724,0.056134762834133205,0.005676453804439941
0.725,0.04393693362340671,0.005636052169166859
0.726,0.03404745473459856,0.005595938088798472
0.727,0.026121409853917445,0.005556109516689325
0.7279999999999999,0.01984109474437014,0.0055165644207607716
0.729,0.014920786069067616,0.0054773007833972985
0.73,0.01110899653824205,0.0054383166013435855
0.731,0.008188701014373828,0.005399609885602294
0.732,0.005976022895005709,0.005361178661332588
0.7329999999999999,0.004317840007633024,0.0053230209677493975
0.734,0.0030887154082367032,0.005285134858023327
0.735,0.002187491118182817,0.005247518399181385
0.736,0.0015338106793244017,0.0052101696720083185
0.7369999999999999,0.0010647662366679083,0.005173086770948738
0.738,0.0007318024188804578,0.005136267804009838
0.739,0.0004979554215032588,0.005099710892664912
0.74,0.00033546262790249814,0.005063414171757489
0.741,0.00022374579372060863,0.0050273757894061894
0.7419999999999999,0.000147748360232031,0.004991593906910217
0.743,9.659341372218126e-05,0.004956066698655552
0.744,6.252150377481783e-05,0.004920792352021822
0.745,4.006529739294903e-05,0.00488576906728982
0.7459999999999999,2.541934651619895e-05,0.004850995057549668
0.747,1.5966783897804486e-05,0.004816468548609641
0.748,9.929504305851129e-06,0.004782187778905673
0.749,6.113567966372141e-06,0.004748150999411473
0.75,3.726653172081009e-06,0.004714356473549271
0.7509999999999999,2.249055967038601e-06,0.004680802477101237
0.752,1.3438122776467534e-06,0.004647487298121487
0.753,7.949393615715302e-07,0.004614409236848775
0.754,4.65571571665334e-07,0.0045815666056197345
0.7549999999999999,2.699578505409938e-07,0.004548957728782796
0.7559999999999999,1.5497531404681546e-07,0.004516580942612666
0.757,8.808179306291563e-08,0.004484434595225489
0.758,4.956405569794387e-08,0.004452517046494524
0.759,2.761243023027381e-08,0.004420826667966481
0.7599999999999999,1.5229992408877798e-08,0.0043893618427784395
0.761,8.31673050087536e-09,0.004358120965575351
0.762,4.496410946244741e-09,0.004327102442428131
0.763,2.406855892909355e-09,0.00429630469075234
0.7639999999999999,1.2756944270269057e-09,0.004265726139227435
0.7649999999999999,6.69768802797015e-10,0.004235365227716606
0.766,3.488744653491086e-10,0.004205220407187166
0.767,1.814364347500988e-10,0.004175290139631529
0.768,9.654931771657302e-11,0.004145572897988734
0.7689999999999999,5.719340107145689e-11,0.004116067166066546
0.7699999999999999,4.579469691291057e-11,0.004086771438464067
0.771,5.719340107145944e-11,0.004057684220494967
0.772,9.654931771658541e-11,0.0040288040281111995
0.7729999999999999,1.8143643475011066e-10,0.0040001293878273066
0.7739999999999999,3.4887446534913323e-10,0.0039716588366452065
0.775,6.6976880279706e-10,0.003943390921979585
0.776,1.2756944270269963e-09,0.003915324201583762
0.7769999999999999,2.4068558929095257e-09,0.0038874572434761303
0.7779999999999999,4.496410946245028e-09,0.0038597886258670564
0.7789999999999999,8.31673050087592e-09,0.0038323169370863787
0.78,1.5229992408878774e-08,0.0038050407755113595
0.781,2.761243023027734e-08,0.0037779587494951926
0.7819999999999999,4.956405569794704e-08,0.0037510694772959815
0.7829999999999999,8.808179306292126e-08,0.0037243715870062407
0.784,1.549753140468248e-07,0.003697863716482929
0.785,2.699578505410101e-07,0.0036715445132779194
0.7859999999999999,4.6557157166536126e-07,0.0036454126345690156
0.7869999999999999,7.949393615715768e-07,0.0036194667470914217
0.7879999999999999,1.3438122776468298e-06,0.00359370552706975
0.789,2.2490559670387245e-06,0.0035681276601504477
0.79,3.726653172081413e-06,0.003542731841334758
0.7909999999999999,6.113567966372467e-06,0.0035175167749121284
0.7919999999999999,9.929504305851638e-06,0.00349248117439411
0.7929999999999999,1.5966783897805337e-05,0.003467623762448714
0.794,2.5419346516200216e-05,0.003442943270835245
0.7949999999999999,4.006529739295102e-05,0.0034184384403395936
0.7959999999999999,6.252150377482072e-05,0.0033941080207099904
0.7969999999999999,9.659341372218572e-05,0.003369950770593217
0.798,0.00014774836023203784,0.003345965457471272
0.799,0.0002237457937206289,0.0033221508575984847
0.7999999999999999,0.0003354626279025127,0.0032985057559390915
0.8009999999999999,0.0004979554215032801,0.0032750289461052164
0.8019999999999999,0.0007318024188804877,0.0032517192302953506
0.803,0.0010647662366679517,0.0032285754192332193
0.8039999999999999,0.0015338106793244617,0.003205596332107124
0.8049999999999999,0.0021874911181829007,0.003182780796509667
0.8059999999999999,0.0030887154082368156,0.0031601276483779633
0.8069999999999999,0.004317840007633174,0.003137635731934232
0.808,0.005976022895006123,0.003115303899626843
0.8089999999999999,0.008188701014374097,0.003093131012071752
0.8099999999999999,0.011108996538242415,0.00307111593799437
0.8109999999999999,0.01492078606906808,0.0030492575541718574
0.812,0.01984109474437073,0.0030275547453758127
0.813,0.02612140985391821,0.0030060064043153653
0.814,0.034047454734599525,0.0029846114315806795
0.815,0.043936933623407906,0.0029633687355868723
0.816,0.05613476283413465,0.0029422772325183215
0.817,0.07100535373963672,0.0029213358462733554
0.818,0.0889216174593865,0.0029005435084093535
0.819,0.11025052530448601,0.0028798991580882404
0.82,0.13533528323661426,0.0028594017420223634
0.821,0.16447445657715745,0.00283905021442074
0.822,0.19789869908361463,0.002818843536935712
0.823,0.2357460765558644,0.0027987806786099567
0.824,0.27803730045319625,0.0027788606158239085
0.825,0.3246524673583531,0.0027590823322435096
0.826,0.37531109885139885,0.0027394448187683705
0.827,0.42955735821073976,0.0027199470734802726
0.828,0.4867522559599737,0.0027005881015920697
0.829,0.546074426639713,0.002681366915396913
0.83,0.6065306597126384,0.0026622825342178676
0.831,0.6669768108584744,0.0026433339843578768
0.832,0.7261490370736923,0.0026245202990500816
0.833,0.7827045382418708,0.0026058405184084983
0.834,0.8352702114112757,0.0025872936893790413
0.835,0.8824969025845948,0.0025688788656909006
0.836,0.9231163463866362,0.0025505951078082603
0.837,0.955997481833101,0.002532441482882365
0.838,0.9801986733067565,0.002514417064703923
0.839,0.9950124791926831,0.002496520933655849
0.84,1.0,0.0024787521766663585
0.841,0.9950124791926821,0.002461109887162355
0.842,0.9801986733067544,0.0024435931650232025
0.843,0.9559974818330979,0.0024262011165347864
0.8439999999999999,0.9231163463866362,0.002408932854343927
0.845,0.8824969025845948,0.0023917874974130875
0.846,0.8352702114112702,0.0023747641709754414
0.847,0.7827045382418648,0.0023578620064902307
0.848,0.7261490370736859,0.0023410801415984623
0.849,0.6669768108584744,0.0023244177200788998
0.85,0.6065306597126319,0.002307873891804375
0.851,0.5460744266397064,0.0022914478126984344
0.852,0.48675225595996735,0.0022751386446922526
0.8529999999999999,0.42955735821073976,0.0022589455556818847
0.854,0.37531109885139885,0.002242867719485801
0.855,0.32465246735834785,0.002226904315802756
0.856,0.2780373004531914,0.002211054530169912
0.857,0.23574607655586005,0.002195317553921299
0.858,0.19789869908361463,0.0021796925841465523
0.859,0.16447445657715407,0.002164178823649946
0.86,0.13533528323661131,0.002148775480909723
0.861,0.11025052530448351,0.002133481770037708
0.8619999999999999,0.0889216174593865,0.0021182969107392123
0.863,0.07100535373963672,0.0021032201282732226
0.864,0.056134762834133205,0.002088250653412873
0.865,0.04393693362340671,0.0020733877224061994
0.8659999999999999,0.034047454734599525,0.002058630576937171
0.8669999999999999,0.02612140985391821,0.002043978464087001
0.868,0.01984109474437014,0.002029430636295734
0.869,0.014920786069067616,0.0020149863513241016
0.87,0.01110899653824205,0.002000644872215654
0.8709999999999999,0.008188701014374097,0.0019864054672591677
0.872,0.005976022895005911,0.0019722674099512958
0.873,0.004317840007633024,0.001958229978959518
0.874,0.0030887154082367032,0.0019442924580853301
0.8749999999999999,0.0021874911181829007,0.0019304541362277093
0.8759999999999999,0.0015338106793244617,0.001916714307346819
0.877,0.0010647662366679083,0.001903072270428003
0.878,0.0007318024188804578,0.0018895273294460085
0.879,0.0004979554215032588,0.0018760787933294833
0.8799999999999999,0.0003354626279025127,0.0018627259759257083
0.8809999999999999,0.00022374579372061898,0.0018494681959655892
0.882,0.000147748360232031,0.0018363047770289056
0.883,9.659341372218126e-05,0.001823235047509798
0.8839999999999999,6.252150377482072e-05,0.0018102583405824968
0.8849999999999999,4.006529739295102e-05,0.0017973739941672996
0.886,2.541934651619895e-05,0.0017845813508967987
0.887,1.5966783897804486e-05,0.0017718797580823411
0.888,9.929504305851129e-06,0.00175926856768072
0.8889999999999999,6.113567966372467e-06,0.0017467471362611197
0.8899999999999999,3.7266531720812146e-06,0.0017343148249722774
0.891,2.249055967038601e-06,0.0017219709995099047
0.892,1.3438122776467534e-06,0.0017097150300843088
0.8929999999999999,7.949393615715768e-07,0.0016975462913882704
0.8939999999999999,4.6557157166536126e-07,0.00168546416256513
0.895,2.699578505409938e-07,0.0016734680271771269
0.896,1.5497531404681546e-07,0.001661557273173934
0.897,8.808179306291563e-08,0.0016497312928614363
0.8979999999999999,4.956405569794704e-08,0.0016379894828707263
0.8989999999999999,2.7612430230275572e-08,0.0016263312441273184
0.9,1.5229992408877798e-08,0.0016147559818205847
0.901,8.31673050087536e-09,0.0016032631053734068
0.9019999999999999,4.496410946245028e-09,0.001591852028412044
0.9029999999999999,2.4068558929095257e-09,0.001580522168736217
0.9039999999999999,1.2756944270269057e-09,0.0015692729482894032
0.905,6.69768802797015e-10,0.0015581037931293434
0.906,3.488744653491086e-10,0.0015470141333987582
0.9069999999999999,1.8143643475011066e-10,0.0015360034032962805
0.9079999999999999,9.654931771657905e-11,0.0015250710410475736
0.909,5.719340107145689e-11,0.0015142164888766831
0.91,4.579469691291057e-11,0.001503439192977571
0.9109999999999999,5.719340107145689e-11,0.001492738603485868
0.9119999999999999,9.654931771657905e-11,0.001482114174450805
0.9129999999999999,1.8143643475011066e-10,0.001471565363807373
0.914,3.4887446534913323e-10,0.0014610916333486579
0.9149999999999999,6.69768802797015e-10,0.0014506924486983885
0.9159999999999999,1.2756944270269057e-09,0.0014403672792836593
0.9169999999999999,2.4068558929095257e-09,0.0014301155983078744
0.9179999999999999,4.496410946245028e-09,0.0014199368827238607
0.919,8.31673050087592e-09,0.0014098306132071892
0.9199999999999999,1.5229992408877798e-08,0.0013997962741296717
0.9209999999999999,2.7612430230275572e-08,0.0013898333535330525
0.9219999999999999,4.956405569794704e-08,0.0013799413431028987
0.923,8.808179306292126e-08,0.0013701197381426535
0.9239999999999999,1.5497531404681546e-07,0.0013603680375478939
0.9249999999999999,2.699578505409938e-07,0.001350685743780756
0.9259999999999999,4.6557157166536126e-07,0.0013410723628445634
0.9269999999999999,7.949393615715768e-07,0.0013315274042586104
0.928,1.3438122776468298e-06,0.0013220503810331431
0.9289999999999999,2.249055967038601e-06,0.0013126408096445128
0.9299999999999999,3.7266531720812146e-06,0.0013032982100105056
0.9309999999999999,6.113567966372467e-06,0.001294022105465848
0.9319999999999999,9.929504305851638e-06,0.0012848120227378877
0.9329999999999999,1.5966783897804486e-05,0.001275667491922447
0.9339999999999999,2.541934651619895e-05,0.0012665880464598476
0.9349999999999999,4.006529739295102e-05,0.0012575732231111065
0.9359999999999999,6.252150377482072e-05,0.0012486225619343014
0.937,9.659341372218572e-05,0.001239735606261104
0.938,0.000147748360232031,0.001230911902673481
0.939,0.00022374579372061898,0.0012221510009805595
0.94,0.0003354626279025127,0.0012134524541956588
0.941,0.0004979554215032801,0.0012048158185134837
0.942,0.0007318024188804578,0.001196240653287486
0.943,0.0010647662366679083,0.001187726521007373
0.944,0.0015338106793244617,0.001179272987276794
0.945,0.0021874911181829007,0.0011708796207911733
0.9460000000000001,0.0030887154082368156,0.0011625459933157082
0.947,0.004317840007633024,0.0011542716796635157
0.948,0.005976022895005911,0.001146056257673939
0.949,0.008188701014374097,0.0011378993081910128
0.95,0.011108996538242415,0.0011298004150420778
0.951,0.014920786069067616,0.001121759165016543
0.952,0.01984109474437014,0.0011137751478448032
0.953,0.02612140985391821,0.0011058479561773123
0.954,0.034047454734599525,0.0010979771855637978
0.9549999999999998,0.04393693362340671,0.0010901624344326231
0.956,0.056134762834133205,0.001082403304070299
0.957,0.07100535373963672,0.0010746993986011436
0.958,0.0889216174593865,0.0010670503249670868
0.959,0.11025052530448601,0.001059455692907609
0.96,0.13533528323661131,0.0010519151149398368
0.961,0.16447445657715407,0.0010444282063387653
0.962,0.19789869908361463,0.0010369945851176408
0.963,0.2357460765558644,0.001029613872008461
0.9639999999999999,0.2780373004531914,0.0010222856904426303
0.965,0.32465246735834785,0.001015009666531742
0.966,0.37531109885139885,0.0010077854290485105
0.967,0.42955735821073976,0.0010006126094078225
0.968,0.4867522559599737,0.0009934908416479368
0.969,0.5460744266397064,0.0009864197624118104
0.97,0.6065306597126319,0.0009793990109285603
0.971,0.6669768108584744,0.0009724282289950577
0.972,0.7261490370736923,0.0009655070609576507
0.9729999999999999,0.7827045382418648,0.0009586351536940199
0.974,0.8352702114112702,0.000951812156595161
0.975,0.8824969025845948,0.0009450377215474971
0.976,0.9231163463866362,0.0009383115029151176
0.977,0.955997481833101,0.0009316331575221423
0.9779999999999999,0.9801986733067544,0.0009250023446352175
0.9790000000000001,0.9950124791926831,0.0009184187259461212
0.98,1.0,0.0009118819655545162
0.9809999999999999,0.9950124791926831,0.0009053917299507987
0.982,0.9801986733067544,0.0008989476879990911
0.983,0.955997481833101,0.0008925495109203474
0.9839999999999999,0.9231163463866402,0.0008861968722755714
0.985,0.8824969025845948,0.0008798894479491683
0.9859999999999999,0.8352702114112757,0.0008736269161324088
0.987,0.7827045382418648,0.0008674089573070017
0.988,0.7261490370736923,0.0008612352542288043
0.9889999999999999,0.6669768108584808,0.0008551054919116237
0.99,0.6065306597126319,0.0008490193576111552
0.9909999999999999,0.546074426639713,0.0008429765408090247
0.992,0.48675225595996735,0.0008369767331969385
0.993,0.42955735821073976,0.0008310196286609642
0.9939999999999999,0.3753110988514045,0.0008251049232659046
0.995,0.32465246735834785,0.000819232315239791
0.9959999999999999,0.27803730045319625,0.0008134015049584933
0.9970000000000001,0.23574607655586005,0.0008076121949304245
0.998,0.19789869908361463,0.0008018640897813707
0.9989999999999999,0.16447445657715745,0.0007961568962394123
1.0,0.13533528323661131,0.0007904903231199661
1.001,0.11025052530448601,0.0007848640813109316
1.0019999999999998,0.08892161745938863,0.0007792778837579347
1.003,0.07100535373963672,0.0007737314454496823
1.004,0.05613476283413465,0.0007682244834034271
1.0050000000000001,0.04393693362340671,0.0007627567166505215
1.006,0.034047454734599525,0.0007573278662220904
1.007,0.026121409853918975,0.0007519376551347897
1.008,0.01984109474437014,0.0007465858083766792
1.009,0.01492078606906808,0.000741272052893194
1.01,0.01110899653824205,0.0007359961175732064
1.011,0.008188701014374097,0.0007307577332352004
1.0119999999999998,0.005976022895006123,0.0007255566326135306
1.013,0.004317840007633024,0.0007203925503447922
1.014,0.0030887154082368156,0.0007152652229542819
1.0150000000000001,0.002187491118182817,0.0007101743888425485
1.016,0.0015338106793244617,0.0007051197882720553
1.017,0.0010647662366679517,0.0007001011633539217
1.018,0.0007318024188804578,0.0006951182580347654
1.019,0.0004979554215032801,0.0006901708180836448
1.0199999999999998,0.00033546262790252736,0.000685258591079079
1.021,0.00022374579372061898,0.0006803813263961759
1.0219999999999998,0.00014774836023203784,0.0006755387751938444
1.0230000000000001,9.659341372218126e-05,0.0006707306904020926
1.024,6.252150377482072e-05,0.0006659568267094308
1.025,4.0065297392952946e-05,0.0006612169405503495
1.026,2.541934651619895e-05,0.000656510790092892
1.027,1.5966783897805337e-05,0.0006518381352263226
1.028,9.929504305851129e-06,0.0006471987375488665
1.029,6.113567966372467e-06,0.0006425923603555573
1.0299999999999998,3.726653172081413e-06,0.0006380187686261498
1.031,2.249055967038601e-06,0.0006334777290131337
1.032,1.3438122776468298e-06,0.0006289690098298312
1.033,7.949393615716206e-07,0.0006244923810385713
1.034,4.6557157166536126e-07,0.000620047614238953
1.035,2.699578505410101e-07,0.0006156344826561981
1.036,1.5497531404681546e-07,0.0006112527611295718
1.037,8.808179306292126e-08,0.0006069022261009062
1.0379999999999998,4.956405569795004e-08,0.0006025826556031831
1.039,2.7612430230275572e-08,0.0005982938292492144
1.0399999999999998,1.5229992408878774e-08,0.0005940355282204004
1.0410000000000001,8.31673050087536e-09,0.0005898075352555596
1.042,4.496410946245028e-09,0.0005856096346398496
1.043,2.4068558929096796e-09,0.0005814416121937556
1.044,1.2756944270269057e-09,0.0005773032552621668
1.045,6.697688027970601e-10,0.0005731943527035274
1.046,3.4887446534910873e-10,0.0005691146948790583
1.047,1.8143643475011087e-10,0.0005650640736420692
1.0479999999999998,9.654931771658583e-11,0.0005610422823273311
1.049,5.719340107145774e-11,0.0005570491157405372
1.05,4.579469691291236e-11,0.0005530843701478336
1.051,5.719340107145774e-11,0.0005491478432654203
1.052,9.654931771658583e-11,0.0005452393342492353
1.053,1.8143643475011087e-10,0.0005413586436847067
1.054,3.488744653491567e-10,0.0005375055735765742
1.055,6.697688027970601e-10,0.0005336799273387944
1.0559999999999998,1.2756944270269057e-09,0.0005298815097845034
1.057,2.4068558929096796e-09,0.0005261101271160632
1.0579999999999998,4.496410946245028e-09,0.0005223655869151741
1.059,8.316730500876483e-09,0.0005186476981330526
1.06,1.5229992408878774e-08,0.0005149562710806902
1.061,2.7612430230275572e-08,0.0005112911174191714
1.062,4.956405569795004e-08,0.0005076520501500639
1.063,8.808179306292126e-08,0.0005040388836058823
1.064,1.549753140468339e-07,0.00050045143344061
1.065,2.699578505410101e-07,0.0004968895166202984
1.0659999999999998,4.6557157166536126e-07,0.0004933529514137242
1.067,7.949393615716206e-07,0.0004898415573831187
1.0679999999999998,1.3438122776468298e-06,0.00048635515537496507
1.069,2.249055967038601e-06,0.0004828935675108534
1.07,3.726653172081413e-06,0.00047945661717840583
1.071,6.113567966372467e-06,0.00047604412902226933
1.072,9.92950430585215e-06,0.00047265592893516414
1.073,1.5966783897805337e-05,0.00046929184404900527
1.0739999999999998,2.541934651619895e-05,0.000465951702726078
1.075,4.0065297392952946e-05,0.00046263533455028345
1.0759999999999998,6.252150377482072e-05,0.00045934257031844547
1.077,9.659341372219019e-05,0.0004560732420316738
1.078,0.00014774836023203784,0.00045282718288679695
1.079,0.00022374579372061898,0.00044960422726784705
1.08,0.00033546262790252736,0.0004464042107376138
1.081,0.0004979554215032801,0.00044322697002925464
1.0819999999999999,0.0007318024188804578,0.00044007234303796187
1.083,0.0010647662366679517,0.0004369401688126933
1.0839999999999999,0.0015338106793244617,0.0004338302875479644
1.085,0.0021874911181829822,0.00043074254057568715
1.0859999999999999,0.0030887154082368156,0.0004276767703570825
1.087,0.004317840007633024,0.00042463282047463624
1.088,0.005976022895006123,0.0004216105356241228
1.089,0.008188701014374097,0.000418609761606681
1.09,0.011108996538242771,0.0004156303453209432
1.091,0.01492078606906808,0.00041267213475522916
1.0919999999999999,0.01984109474437014,0.0004097349789797868
1.093,0.026121409853918975,0.00040681872813909127
1.0939999999999999,0.034047454734599525,0.00040392323344420336
1.095,0.04393693362340909,0.0004010483471651722
1.0959999999999999,0.05613476283413465,0.00039819392262350394
1.097,0.07100535373963672,0.00039535981418467424
1.098,0.08892161745938863,0.0003925458772506978
1.099,0.11025052530448601,0.0003897519682527545
1.0999999999999999,0.13533528323661131,0.00038697794464386063
1.101,0.16447445657715745,0.0003842236648915968
1.1019999999999999,0.19789869908361463,0.0003814889884708897
1.103,0.23574607655586874,0.0003787737758568372
1.1039999999999999,0.27803730045319625,0.0003760778885175966
1.1049999999999998,0.32465246735834785,0.0003734011889073096
1.106,0.3753110988514045,0.0003707435404590882
1.107,0.42955735821073976,0.00036810480757804845
1.108,0.48675225595998006,0.0003654848556343886
1.109,0.546074426639713,0.00036288355095652366
1.1099999999999999,0.6065306597126319,0.00036030076082426245
1.111,0.6669768108584808,0.00035773635346203687
1.1119999999999999,0.7261490370736923,0.00035519019803218225
1.113,0.7827045382418767,0.0003526621646282554
1.1139999999999999,0.8352702114112757,0.00035015212426841316
1.115,0.8824969025845948,0.00034765994888882635
1.116,0.9231163463866402,0.0003451855113371493
1.117,0.955997481833101,0.0003427286853660323
1.1179999999999999,0.9801986733067544,0.0003402893456266777
1.119,0.9950124791926831,0.00033786736766244714
1.1199999999999999,1.0,0.00033546262790251185
1.121,0.995012479192681,0.00033307500365554495
1.1219999999999999,0.9801986733067544,0.000330704373103466
1.1229999999999998,0.955997481833101,0.0003283506152952219
1.124,0.9231163463866322,0.0003260136101406173
1.125,0.8824969025845948,0.0003236932384041889
1.1260000000000001,0.8352702114112648,0.0003213893816991205
1.127,0.7827045382418648,0.00031910192248120326
1.128,0.7261490370736923,0.00031683074404283753
1.129,0.6669768108584678,0.00031457573050707913
1.13,0.6065306597126319,0.000312336766821729
1.1309999999999998,0.546074426639713,0.0003101137387534598
1.132,0.48675225595996735,0.0003079065328819894
1.1329999999999998,0.42955735821073976,0.000305715036594295
1.1340000000000001,0.37531109885139313,0.00030353913807886623
1.135,0.32465246735834785,0.00030137872632000115
1.136,0.27803730045319625,0.0002992336910921409
1.137,0.23574607655586005,0.0002971039229542468
1.138,0.19789869908361463,0.00029498931324421817
1.139,0.1644744565771507,0.00029288975407334474
1.14,0.13533528323661131,0.00029080513832080576
1.1409999999999998,0.11025052530448601,0.000288735359628203
1.142,0.0889216174593844,0.0002866803123941327
1.143,0.07100535373963672,0.00028463989176880143
1.1440000000000001,0.056134762834131734,0.00028261399364867243
1.145,0.04393693362340671,0.0002806025146711583
1.146,0.034047454734599525,0.0002786053522093437
1.147,0.026121409853917445,0.0002766224043667509
1.148,0.01984109474437014,0.00027465356997214205
1.1489999999999998,0.01492078606906808,0.000272698748574356
1.15,0.01110899653824205,0.0002707578404371823
1.1509999999999998,0.008188701014374097,0.00026883074653427544
1.1520000000000001,0.005976022895005709,0.00026691736854409886
1.153,0.004317840007633024,0.0002650176088449125
1.154,0.0030887154082368156,0.00026313137050978854
1.155,0.002187491118182817,0.00026125855730166754
1.156,0.0015338106793244617,0.00025939907366844943
1.157,0.0010647662366678656,0.0002575528247381169
1.158,0.0007318024188804578,0.00025571971631389596
1.1589999999999998,0.0004979554215032801,0.0002538996548694484
1.16,0.00033546262790249814,0.0002520925475441013
1.161,0.00022374579372061898,0.00025029830213811014
1.1620000000000001,0.00014774836023202445,0.00024851682710795185
1.163,9.659341372218126e-05,0.0002467480315616577
1.164,6.252150377482072e-05,0.00024499182525417247
1.165,4.006529739294903e-05,0.0002432481185827529
1.166,2.541934651619895e-05,0.00024151682258239515
1.1669999999999998,1.5966783897805337e-05,0.00023979784892129462
1.168,9.929504305851129e-06,0.00023809110989634016
1.1689999999999998,6.113567966372467e-06,0.00023639651842864072
1.17,3.726653172081009e-06,0.00023471398805907954
1.171,2.249055967038601e-06,0.00023304343294390623
1.172,1.3438122776468298e-06,0.00023138476785035373
1.173,7.949393615715302e-07,0.00022973790815229264
1.174,4.6557157166536126e-07,0.00022810276982591207
1.175,2.6995785054097797e-07,0.00022647926944543173
1.176,1.5497531404681546e-07,0.0002248673241788482
1.1769999999999998,8.808179306292126e-08,0.00022326685178370592
1.178,4.956405569794387e-08,0.0002216777706029025
1.1789999999999998,2.7612430230275572e-08,0.00022009999956052354
1.18,1.5229992408878774e-08,0.00021853345815770346
1.181,8.31673050087536e-09,0.00021697806646852103
1.182,4.496410946245028e-09,0.0002154337451359204
1.183,2.406855892909355e-09,0.0002139004153676611
1.184,1.2756944270269057e-09,0.00021237799893230065
1.1849999999999998,6.697688027970601e-10,0.00021086641815520044
1.186,3.4887446534910873e-10,0.00020936559591456407
1.1869999999999998,1.8143643475011087e-10,0.00020787545563750334
1.188,9.654931771657344e-11,0.00020639592129612877
1.189,5.719340107145774e-11,0.00020492691740367491
1.19,4.579469691291236e-11,0.00020346836901064417
1.191,5.7193401071462864e-11,0.00020202020170098544
1.192,9.654931771658583e-11,0.0002005823415882981
1.193,1.8143643475013649e-10,0.00019915471531205966
1.194,3.488744653491567e-10,0.00019773725003388587
1.1949999999999998,6.697688027970601e-10,0.00019632987343381144
1.196,1.275694427027087e-09,0.0001949325137066029
1.1969999999999998,2.4068558929096796e-09,0.00019354509955809383
1.198,4.496410946245028e-09,0.00019216756020154675
1.199,8.316730500876483e-09,0.0001907998253540423
1.2,1.5229992408878774e-08,0.00018944182523289424
1.201,2.7612430230279106e-08,0.0001880934905520869
1.202,4.956405569795004e-08,0.00018675475251874268
1.2029999999999998,8.808179306292126e-08,0.00018542554282960963
1.204,1.549753140468339e-07,0.00018410579366757887
1.2049999999999998,2.699578505410101e-07,0.0001827954376982235
1.206,4.6557157166541584e-07,0.00018149440806636226
1.2069999999999999,7.949393615716206e-07,0.00018020263839265072
1.208,1.3438122776468298e-06,0.0001789200627701923
1.209,2.2490559670388524e-06,0.00017764661576117675
1.21,3.726653172081413e-06,0.00017638223239354226
1.2109999999999999,6.113567966372467e-06,0.00017512684815765842
1.212,9.92950430585215e-06,0.00017388039900303714
1.2129999999999999,1.5966783897805337e-05,0.00017264282133506371
1.214,2.541934651620148e-05,0.0001714140520117513
1.2149999999999999,4.0065297392952946e-05,0.00017019402834052153
1.2159999999999997,6.252150377482072e-05,0.0001689826880750038
1.217,9.659341372219019e-05,0.00016777996941186028
1.218,0.00014774836023203784,0.00016658581098763354
1.219,0.00022374579372063885,0.00016540015187561374
1.22,0.00033546262790252736,0.00016422293158273213
1.2209999999999999,0.0004979554215032801,0.00016305409004647382
1.222,0.0007318024188805182,0.0001618935676318124
1.2229999999999999,0.0010647662366679517,0.00016074130512816942
1.224,0.0015338106793245801,0.00015959724374639114
1.2249999999999999,0.0021874911181829822,0.00015846132511575126
1.226,0.0030887154082368156,0.0001573334912809709
1.227,0.004317840007633331,0.00015621368469926258
1.228,0.005976022895006123,0.00015510184823739478
1.2289999999999999,0.008188701014374097,0.00015399792516877648
1.23,0.011108996538242771,0.00015290185917056216
1.2309999999999999,0.01492078606906808,0.00015181359432077997
1.232,0.019841094744371335,0.0001507330750954765
1.2329999999999999,0.026121409853918975,0.00014966024636588594
1.2339999999999998,0.034047454734599525,0.00014859505339561568
1.2349999999999999,0.04393693362340909,0.000147537441837854
1.236,0.05613476283413465,0.00014648735773259918
1.237,0.07100535373964026,0.00014544474750390296
1.238,0.08892161745938863,0.0001444095579571403
1.2389999999999999,0.11025052530448601,0.00014338173627629318
1.24,0.13533528323661717,0.00014236123002125668
1.2409999999999999,0.16447445657715745,0.0001413479871251643
1.242,0.19789869908362234,0.00014034195589172958
1.2429999999999999,0.23574607655586874,0.00013934308499261044
1.2439999999999998,0.27803730045319625,0.00013835132346478942
1.245,0.32465246735835845,0.000137366620707973
1.246,0.3753110988514045,0.0001363889264820114
1.2469999999999999,0.42955735821073976,0.0001354181909043339
1.248,0.48675225595998006,0.00013445436444740427
1.2489999999999999,0.546074426639713,0.00013349739793619466
1.25,0.6065306597126451,0.00013254724254567504
1.251,0.6669768108584808,0.0001316038497983237
1.2519999999999998,0.7261490370736923,0.00013066717156165315
1.253,0.7827045382418767,0.0001297371600457538
1.254,0.8352702114112757,0.00012881376780085726
1.2550000000000001,0.8824969025846044,0.00012789694771491353
1.256,0.9231163463866402,0.00012698665301118917
1.257,0.955997481833101,0.00012608283724587917
1.258,0.9801986733067586,0.00012518545430573798
1.259,0.9950124791926831,0.00012429445840572728
1.2599999999999998,1.0,0.00012340980408667956
1.261,0.995012479192681,0.00012253144621297797
1.2619999999999998,0.9801986733067544,0.00012165933997025523
1.2630000000000001,0.9559974818330947,0.00012079344086310525
1.264,0.9231163463866322,0.00011993370471281473
1.265,0.8824969025845948,0.00011908008765510769
1.266,0.8352702114112648,0.00011823254613790803
1.267,0.7827045382418648,0.00011739103691911796
1.268,0.7261490370736797,0.00011655551706441114
1.269,0.6669768108584678,0.00011572594394504251
1.2699999999999998,0.6065306597126319,0.00011490227523567276
1.271,0.5460744266397,0.00011408446891220926
1.272,0.48675225595996735,0.00011327248324966259
1.2730000000000001,0.4295573582107276,0.0001124662768200163
1.274,0.37531109885139313,0.00011166580849011478
1.275,0.32465246735834785,0.00011087103741956308
1.276,0.27803730045318653,0.00011008192305864461
1.277,0.23574607655586005,0.00010929842514625156
1.2779999999999998,0.19789869908361463,0.00010852050370783053
1.279,0.1644744565771507,0.00010774811905334323
1.2799999999999998,0.13533528323661131,0.0001069812317752422
1.281,0.11025052530448096,0.00010621980274645875
1.282,0.0889216174593844,0.00010546379311840804
1.283,0.07100535373963672,0.00010471316431900649
1.284,0.056134762834131734,0.00010396787805070317
1.285,0.04393693362340671,0.00010322789628852715
1.286,0.03404745473459761,0.00010249318127814603
1.287,0.026121409853917445,0.00010176369553394106
1.2879999999999998,0.01984109474437014,0.00010103940183709342
1.289,0.014920786069067153,0.00010032026323368576
1.2899999999999998,0.01110899653824205,9.960624303281719e-05
1.2910000000000001,0.008188701014373552,9.889730480473072e-05
1.292,0.005976022895005709,9.819341237895501e-05
1.293,0.004317840007633024,9.74945298424583e-05
1.294,0.003088715408236588,9.680062153781657e-05
1.295,0.002187491118182817,9.61116520613947e-05
1.2959999999999998,0.0015338106793244617,9.542758626153915e-05
1.297,0.0010647662366678656,9.474838923678504e-05
1.2979999999999998,0.0007318024188804578,9.40740263340758e-05
1.299,0.0004979554215032376,9.34044631469946e-05
1.3,0.00033546262790249814,9.273966551400924e-05
1.301,0.00022374579372061898,9.207959951672878e-05
1.302,0.00014774836023202445,9.142423147817327e-05
1.303,9.659341372218126e-05,9.077352796105605e-05
1.304,6.252150377481483e-05,9.012745576607661e-05
1.305,4.006529739294903e-05,8.948598193022803e-05
1.3059999999999998,2.541934651619895e-05,8.884907372511391e-05
1.307,1.5966783897803663e-05,8.821669865527966e-05
1.3079999999999998,9.929504305851129e-06,8.758882445655408e-05
1.309,6.113567966372467e-06,8.696541909440292e-05
1.31,3.726653172081009e-06,8.634645076229476e-05
1.311,2.249055967038601e-06,8.573188788007871e-05
1.312,1.3438122776466772e-06,8.512169909237205e-05
1.313,7.949393615715302e-07,8.451585326696171e-05
1.3139999999999998,4.6557157166536126e-07,8.391431949321468e-05
1.315,2.6995785054097797e-07,8.331706708050194e-05
1.3159999999999998,1.5497531404681546e-07,8.272406555663223e-05
1.317,8.808179306291031e-08,8.213528466629683e-05
1.3179999999999998,4.956405569794387e-08,8.155069436952695e-05
1.319,2.7612430230275572e-08,8.09702648401601e-05
1.32,1.5229992408876772e-08,8.039396646431872e-05
1.321,8.31673050087536e-09,7.982176983889972e-05
1.322,4.4964109462444376e-09,7.925364577007319e-05
1.323,2.406855892909355e-09,7.868956527179456e-05
1.3239999999999998,1.2756944270269057e-09,7.812949956432393e-05
1.325,6.697688027969676e-10,7.757342007275868e-05
1.3259999999999998,3.4887446534910873e-10,7.702129842557583e-05
1.3269999999999997,1.8143643475011087e-10,7.647310645318368e-05
1.328,9.654931771657344e-11,7.592881618648498e-05
1.329,5.719340107145774e-11,7.538839985545038e-05
1.33,4.579469691291228e-11,7.485182988770046e-05
1.331,5.7193401071462864e-11,7.431907890710058e-05
1.3319999999999999,9.654931771658583e-11,7.379011973236246e-05
1.333,1.8143643475013649e-10,7.32649253756582e-05
1.3339999999999999,3.488744653491567e-10,7.27434690412437e-05
1.335,6.697688027971552e-10,7.222572412409056e-05
1.3359999999999999,1.275694427027087e-09,7.171166420852972e-05
1.337,2.4068558929096796e-09,7.120126306690273e-05
1.338,4.496410946245651e-09,7.06944946582244e-05
1.339,8.316730500876483e-09,7.019133312685387e-05
1.34,1.522999240888072e-08,6.969175280117506e-05
1.341,2.7612430230279106e-08,6.91957281922877e-05
1.3419999999999999,4.956405569795004e-08,6.870323399270607e-05
1.343,8.808179306293222e-08,6.821424507506813e-05
1.3439999999999999,1.549753140468339e-07,6.77287364908539e-05
1.3449999999999998,2.699578505410101e-07,6.724668346911167e-05
1.346,4.6557157166541584e-07,6.676806141519507e-05
1.347,7.949393615716206e-07,6.629284590950784e-05
1.348,1.3438122776469802e-06,6.582101270625761e-05
1.349,2.2490559670388524e-06,6.535253773221964e-05
1.3499999999999999,3.726653172081413e-06,6.488739708550779e-05
1.351,6.113567966373107e-06,6.442556703435542e-05
1.3519999999999999,9.92950430585215e-06,6.396702401590483e-05
1.353,1.5966783897806953e-05,6.35117446350044e-05
1.3539999999999999,2.541934651620148e-05,6.305970566301562e-05
1.3549999999999998,4.0065297392952946e-05,6.261088403662767e-05
1.356,6.252150377482671e-05,6.216525685668044e-05
1.357,9.659341372219019e-05,6.172280138699685e-05
1.3579999999999999,0.00014774836023203784,6.128349505322213e-05
1.359,0.00022374579372063885,6.0847315441672466e-05
1.3599999999999999,0.00033546262790252736,6.041424029819161e-05
1.361,0.0004979554215033217,5.998424752701482e-05
1.3619999999999999,0.0007318024188805182,5.955731518964225e-05
1.3629999999999998,0.0010647662366679517,5.913342150371926e-05
1.3639999999999999,0.0015338106793245801,5.871254484192484e-05
1.365,0.0021874911181829822,5.829466373086881e-05
1.366,0.0030887154082370433,5.787975684999547e-05
1.367,0.004317840007633331,5.746780303049661e-05
1.3679999999999999,0.005976022895006123,5.705878125423075e-05
1.369,0.00818870101437465,5.665267065265099e-05
1.3699999999999999,0.011108996538242771,5.6249450505740985e-05
1.371,0.014920786069069021,5.5849100240956486e-05
1.3719999999999999,0.019841094744371335,5.5451599432176945e-05
1.3729999999999998,0.026121409853918975,5.5056927798662506e-05
1.374,0.03404745473460145,5.466506520401964e-05
1.375,0.04393693362340909,5.4275991655174003e-05
1.376,0.05613476283413465,5.3889687301349845e-05
1.377,0.07100535373964026,5.350613243305735e-05
1.378,0.08892161745938863,5.312530748108779e-05
1.379,0.11025052530449099,5.274719301551376e-05
1.38,0.13533528323661717,5.237176974469906e-05
1.3809999999999998,0.16447445657715745,5.199901851431366e-05
1.382,0.19789869908362234,5.162892030635669e-05
1.383,0.23574607655586874,5.126145623818641e-05
1.3840000000000001,0.27803730045320585,5.089660756155619e-05
1.385,0.32465246735835845,5.053435566165857e-05
1.386,0.3753110988514045,5.017468205617528e-05
1.387,0.42955735821075186,4.981756839433396e-05
1.388,0.48675225595998006,4.946299645597252e-05
1.389,0.5460744266397259,4.9110948150608864e-05
1.39,0.6065306597126451,4.876140551651856e-05
1.3909999999999998,0.6669768108584808,4.841435071981783e-05
1.392,0.7261490370737048,4.8069766053553935e-05
1.393,0.7827045382418767,4.772763393680188e-05
1.394,0.8352702114112757,4.7387936913767305e-05
1.395,0.8824969025846044,4.7050657652895566e-05
1.396,0.9231163463866402,4.6715778945988124e-05
1.397,0.9559974818331072,4.6383283707323855e-05
1.398,0.9801986733067586,4.6053154972788015e-05
1.3989999999999998,0.9950124791926831,4.5725375899006116e-05
1.4,1.0,4.5399929762484854e-05
1.4009999999999998,0.995012479192681,4.507679995875898e-05
1.4020000000000001,0.9801986733067501,4.475597000154393e-05
1.403,0.9559974818330947,4.443742352189482e-05
1.404,0.9231163463866322,4.4121144267371066e-05
1.405,0.8824969025845852,4.3807116101207305e-05
1.406,0.8352702114112648,4.349532300149038e-05
1.4069999999999998,0.7827045382418648,4.318574906034135e-05
1.408,0.7261490370736797,4.2878378483104156e-05
1.4089999999999998,0.6669768108584678,4.25731955875399e-05
1.41,0.6065306597126188,4.227018480302648e-05
1.411,0.5460744266397,4.196933066976433e-05
1.412,0.48675225595996735,4.1670617837987435e-05
1.413,0.4295573582107276,4.137403106718033e-05
1.414,0.37531109885139313,4.1079555225300724e-05
1.415,0.3246524673583373,4.0787175288006936e-05
1.416,0.27803730045318653,4.049687633789196e-05
1.4169999999999998,0.23574607655586005,4.020864356372174e-05
1.418,0.19789869908360688,3.992246225968006e-05
1.4189999999999998,0.1644744565771507,3.9638317824617944e-05
1.42,0.13533528323660549,3.935619576130858e-05
1.421,0.11025052530448096,3.907608167570808e-05
1.422,0.0889216174593844,3.8797961276220626e-05
1.423,0.0710053537396332,3.852182037296952e-05
1.424,0.056134762834131734,3.824764487707335e-05
1.4249999999999998,0.04393693362340671,3.7975420799926975e-05
1.426,0.03404745473459761,3.77051342524877e-05
1.4269999999999998,0.026121409853917445,3.743677144456704e-05
1.428,0.01984109474436893,3.7170318684126666e-05
1.4289999999999998,0.014920786069067153,3.690576237658031e-05
1.43,0.01110899653824205,3.664308902409972e-05
1.431,0.008188701014373552,3.63822852249262e-05
1.432,0.005976022895005709,3.612333767268696e-05
1.433,0.00431784000763271,3.5866233155716005e-05
1.434,0.003088715408236588,3.5610958556380246e-05
1.4349999999999998,0.002187491118182817,3.535750085040998e-05
1.436,0.0015338106793243405,3.510584710623456e-05
1.4369999999999998,0.0010647662366678656,3.485598448432278e-05
1.438,0.000731802418880398,3.4607900236527355e-05
1.439,0.0004979554215032376,3.436158170543501e-05
1.44,0.00033546262790249814,3.41170163237202e-05
1.441,0.0002237457937205987,3.3874191613504334e-05
1.442,0.00014774836023202445,3.363309518571897e-05
1.4429999999999998,9.659341372218126e-05,3.33937147394736e-05
1.444,6.252150377481481e-05,3.3156038061428154e-05
1.4449999999999998,4.0065297392949e-05,3.2920053025170074e-05
1.446,2.54193465161964e-05,3.2685747590595186e-05
1.4469999999999998,1.5966783897803497e-05,3.245310980329387e-05
1.448,9.929504305850712e-06,3.2222127793940676e-05
1.449,6.113567966370783e-06,3.1992789777689165e-05
1.45,3.7266531720784325e-06,3.176508405357046e-05
1.451,2.249055967032047e-06,3.153899900389605e-05
1.452,1.3438122776313973e-06,3.1314523093665496e-05
1.4529999999999998,7.94939361534876e-07,3.109164486997749e-05
1.454,4.655715715782524e-07,3.087035296144568e-05
1.4549999999999998,2.699578503362808e-07,3.0650636077618683e-05
1.4559999999999997,1.54975313570285e-07,3.0432483008403625e-05
1.4569999999999999,8.808179196459619e-08,3.0215882623494614e-05
1.458,4.9564053191721983e-08,3.000082387180466e-05
1.459,2.7612424568276524e-08,2.978729578090173e-05
1.46,1.5229979744711223e-08,2.9575287456449246e-05
1.4609999999999999,8.316702456827978e-09,2.936478808164992e-05
1.462,4.496349462280311e-09,2.915578691669402e-05
1.4629999999999999,2.4067224363008725e-09,2.894827329821157e-05
1.464,1.2754076295258448e-09,2.8742236638727883e-05
1.4649999999999999,6.691586091292069e-10,2.853766642612401e-05
1.4659999999999997,3.4758912812397493e-10,2.8334552223099727e-05
1.467,1.787558871127727e-10,2.813288366664138e-05
1.468,9.10147076448716e-11,2.793265046749326e-05
1.469,4.5879624871384605e-11,2.773384240963228e-05
1.47,2.2897348456452683e-11,2.7536449349747158e-05
1.4709999999999999,1.1313776200064563e-11,2.734046121672049e-05
1.472,5.534610071700129e-12,2.7145868011115274e-05
1.4729999999999999,2.6805476373123307e-12,2.695265980466456e-05
1.4739999999999998,1.285337225133591e-12,2.6760826739764845e-05
1.4749999999999999,6.101936677604458e-13,2.6570359028973196e-05
1.476,2.8679750088878635e-13,2.6381246954508038e-05
1.477,1.3345660848217428e-13,2.619348086775303e-05
1.478,6.148396412704036e-14,2.600705118876515e-05
1.4789999999999999,2.8044047382226377e-14,2.582194840578555e-05
1.48,1.2664165549092106e-14,2.563816307475458e-05
1.4809999999999999,5.661995516948387e-15,2.5455685818829816e-05
1.482,2.5062218871447404e-15,2.5274507327907503e-05
1.4829999999999999,1.098314129828449e-15,2.5094618358147876e-05
1.4839999999999998,4.76530473529875e-16,2.4916009731503204e-05
1.485,2.0469717131638262e-16,2.4738672335249668e-05
1.486,8.705426622295261e-17,2.4562597121522546e-05
1.487,3.665433395600186e-17,2.4387775106854282e-05
1.488,1.527979968287066e-17,2.4214197371716456e-05
1.4889999999999999,6.306189893985865e-18,2.404185506006456e-05
1.49,2.57675710915445e-18,2.387073937888604e-05
1.4909999999999999,1.0424061783900192e-18,2.3700841597751968e-05
1.4919999999999998,4.1750100558502773e-19,2.35321530483713e-05
1.4929999999999999,1.6555226620984802e-19,2.3364665124148766e-05
1.494,6.499347972070201e-20,2.319836927974586e-05
1.495,2.5261637809251003e-20,2.303325703064457e-05
1.496,9.72098502029933e-21,2.2869319952714775e-05
1.4969999999999999,3.7035319776521085e-21,2.2706549681784325e-05
1.498,1.3969439431468211e-21,2.254493791321217e-05
1.4989999999999999,5.216736662026408e-22,2.238447640146494e-05
